entity,mobility,predictor,horizon_step,error_m,seed
users,CV mobility,CV,1,0.5137133009198387,42
users,CV mobility,CV,2,1.5343044046916692,42
users,CV mobility,CV,3,3.040228683848501,42
users,CV mobility,CV,4,5.019379098856649,42
users,CV mobility,CV,5,7.4692501147226675,42
users,CV mobility,LSTM,1,2.373370143063424,42
users,CV mobility,LSTM,2,2.4902893829072537,42
users,CV mobility,LSTM,3,2.6939092087572303,42
users,CV mobility,LSTM,4,3.007252691486621,42
users,CV mobility,LSTM,5,3.36449972542906,42
users,Stochastic mobility,CV,1,2.7663726901148307,42
users,Stochastic mobility,CV,2,6.108461849746539,42
users,Stochastic mobility,CV,3,10.035173351873487,42
users,Stochastic mobility,CV,4,14.311136452948542,42
users,Stochastic mobility,CV,5,18.883207168214202,42
users,Stochastic mobility,LSTM,1,4.504488432201179,42
users,Stochastic mobility,LSTM,2,6.859265216481313,42
users,Stochastic mobility,LSTM,3,9.929242042219448,42
users,Stochastic mobility,LSTM,4,13.478685468927505,42
users,Stochastic mobility,LSTM,5,17.236564599402403,42
targets,CV mobility,CV,1,0.16987973099589027,42
targets,CV mobility,CV,2,0.509605999769797,42
targets,CV mobility,CV,3,1.0191930086507655,42
targets,CV mobility,CV,4,1.6986351635160266,42
targets,CV mobility,CV,5,2.5479368550229156,42
targets,CV mobility,LSTM,1,4.6282938865034495,42
targets,CV mobility,LSTM,2,5.400189438703865,42
targets,CV mobility,LSTM,3,6.396186726291901,42
targets,CV mobility,LSTM,4,7.726886265101911,42
targets,CV mobility,LSTM,5,9.141696349526883,42
targets,Stochastic mobility,CV,1,3.9112709469330422,42
targets,Stochastic mobility,CV,2,8.356137757397418,42
targets,Stochastic mobility,CV,3,13.326817740812928,42
targets,Stochastic mobility,CV,4,18.586786969293854,42
targets,Stochastic mobility,CV,5,23.946420657261893,42
targets,Stochastic mobility,LSTM,1,6.215723362798915,42
targets,Stochastic mobility,LSTM,2,9.354708341849001,42
targets,Stochastic mobility,LSTM,3,12.73768128411648,42
targets,Stochastic mobility,LSTM,4,16.58456476086333,42
targets,Stochastic mobility,LSTM,5,20.153437562398334,42
