configuration,beta,sum_rate_mbps,information_gain_nats
comm_only,0.0,380.6504669444222,0.0
beta_0,0.0,380.6504669444222,0.0
beta_0.01,0.01,380.64253945341363,0.5013121677987327
beta_0.1,0.1,380.3986529870857,1.0490826976635639
beta_1,1.0,376.26388231039147,1.982398560667478
beta_10,10.0,359.46342728314806,2.5717462605903854
beta_100,100.0,345.3243892137236,2.6358179158105095
"['mrt_joint', 'reference', 376.26388231039147, 1.982398560667478]"
"['rzf_joint', 'reference', 375.96304025444005, 1.9868321939472138]"
"['sensing_only', 'reference', 0.0, 2.6375442636694992]"
