time,current_objective,candidate_objective,predicted_gain,raw_churn,normalized_churn,net_gain,decision
1,-212.1915730968518,-233.39651839386028,-21.204945297008464,4.0,0.08695652173913043,-21.291901818747593,KEEP
2,-216.94955888399818,-224.20962167584727,-7.260062791849094,6.0,0.13043478260869565,-7.39049757445779,KEEP
3,-217.5002838033414,-221.7382314457823,-4.237947642440901,8.0,0.17391304347826086,-4.411860685919161,KEEP
4,-216.51497897162363,-218.48148887564946,-1.966509904025827,10.0,0.21739130434782608,-2.183901208373653,KEEP
5,-216.72880251138994,-201.043612425353,15.685190086036954,12.0,0.2608695652173913,15.424320520819563,RECONFIGURE
6,-201.27926370912354,-219.56505815717424,-18.285794448050694,4.0,0.08695652173913043,-18.372750969789823,KEEP
7,-206.06058664776114,-209.70520989605774,-3.644623248296597,8.0,0.17391304347826086,-3.8185362917748575,KEEP
8,-213.02166275681307,-234.3671276145506,-21.34546485773754,8.0,0.17391304347826086,-21.5193779012158,KEEP
9,-220.44964233451324,-242.2549308055506,-21.805288471037358,8.0,0.17391304347826086,-21.97920151451562,KEEP
