window,mobility,predictor,policy,avg_rate_mean,p5_rate_mean,sensing_mean,tracking_viol_mean,energy_mean,fronthaul_mean,churn_mean,cum_churn,reconfigs,objective_mean,qos_viol_mean
full,CV mobility,N/A,REACTIVE,29660199.42143932,14082562.797696043,6.206557898753385,0.0,48.42799999999998,19.0,2.1,210.0,67,-46.43699456443999,0.0
full,CV mobility,N/A,STATIC,13191975.355737334,2646028.4008589564,6.61000772868452,0.0,47.14999999999997,19.0,0.0,0.0,0,-52.944004593446806,0.0
full,CV mobility,cv,PREDICTIVE,27292075.305213705,12592368.986837687,6.24920957335654,0.0,48.144,19.0,2.34,234.0,72,-47.299622339254,0.0
full,CV mobility,cv,PREDICTIVE+CHURN,26993874.959575005,11086460.149832726,6.357875672640112,0.0,43.67100000000001,19.0,1.54,154.0,11,-42.84966510844195,0.0
full,CV mobility,lstm_cv,PREDICTIVE,27278284.041856986,12585309.556915598,6.261561553705624,0.0,48.285999999999994,19.0,2.12,212.0,67,-47.43138338188763,0.0
full,CV mobility,lstm_cv,PREDICTIVE+CHURN,29276287.553870782,11994799.657758744,6.308845771734881,0.0,45.090999999999994,19.0,1.7,170.0,12,-43.18096697306886,0.0
full,Stochastic mobility,N/A,REACTIVE,30233331.118751097,13116335.629317462,6.37912391131923,0.0,47.89549999999999,19.0,1.44,144.0,49,-45.431014877131304,0.0
full,Stochastic mobility,N/A,STATIC,16446699.783692045,5469232.550123744,6.4194070553567135,0.0,43.600000000000016,19.0,0.0,0.0,0,-47.95724305279726,0.0
full,Stochastic mobility,cv,PREDICTIVE,28586915.495168533,12111041.146323241,6.391110025501203,0.0,47.64699999999999,19.0,4.62,462.0,89,-46.062867009523224,0.0
full,Stochastic mobility,cv,PREDICTIVE+CHURN,27014106.475649618,11531689.121936118,6.479621600782844,0.0,42.81900000000002,19.0,1.3,130.0,14,-41.860586030957556,0.0
full,Stochastic mobility,lstm_stoch,PREDICTIVE,28836636.858310677,12506422.650124311,6.322213600868597,0.0,47.575999999999986,19.0,2.68,268.0,70,-45.89372883954128,0.0
full,Stochastic mobility,lstm_stoch,PREDICTIVE+CHURN,28242329.481464278,11725107.780483263,6.465615417566704,0.0,43.138499999999986,19.0,1.02,102.0,10,-41.57389375474463,0.0
post_warmup,CV mobility,N/A,REACTIVE,28269616.97608818,13639069.562410574,6.214584271164062,0.0,48.56999999999999,19.0,2.088888888888889,188.0,61,-47.266017868811176,0.0
post_warmup,CV mobility,N/A,STATIC,10125409.346092835,1392123.2170572886,6.541431739105534,0.0,47.14999999999998,19.0,0.0,0.0,0,-54.54586358784804,0.0
post_warmup,CV mobility,cv,PREDICTIVE,26019668.074286256,12172198.67157379,6.31350695680119,0.0,48.29388888888889,19.0,2.3333333333333335,210.0,64,-48.02127253262574,0.0
post_warmup,CV mobility,cv,PREDICTIVE+CHURN,25545870.342955686,10418221.946718978,6.4615358383886035,0.0,43.481666666666655,19.0,1.5777777777777777,142.0,10,-43.28149517370843,0.0
post_warmup,CV mobility,lstm_cv,PREDICTIVE,26004344.44833435,12164354.860549245,6.327231379411281,0.0,48.45166666666666,19.0,2.088888888888889,188.0,59,-48.16767369110754,0.0
post_warmup,CV mobility,lstm_cv,PREDICTIVE+CHURN,28081884.336617667,11427488.066636773,6.407058170716125,0.0,45.05944444444444,19.0,1.7555555555555555,158.0,11,-43.64960835662722,0.0
post_warmup,Stochastic mobility,N/A,REACTIVE,28707040.664729204,12618015.715243159,6.454508579204793,0.0,48.01777777777777,19.0,1.511111111111111,136.0,45,-46.24259910775428,0.0
post_warmup,Stochastic mobility,N/A,STATIC,13446069.381078094,4277616.963413153,6.499267628135329,0.0,43.6,19.0,0.0,0.0,0,-49.37769768132562,0.0
post_warmup,Stochastic mobility,cv,PREDICTIVE,27039071.32681597,11571559.064772246,6.466813396029027,0.0,47.66277777777778,19.0,4.8,432.0,81,-46.780776544427724,0.0
post_warmup,Stochastic mobility,cv,PREDICTIVE+CHURN,25140336.927918848,10843313.269084778,6.566172678608806,0.0,42.337777777777774,19.0,1.3555555555555556,122.0,13,-42.23090523424336,0.0
post_warmup,Stochastic mobility,lstm_stoch,PREDICTIVE,27306999.852103923,11983379.683303418,6.39026181310391,0.0,47.54444444444442,19.0,2.6222222222222222,236.0,61,-46.557687536206444,0.0
post_warmup,Stochastic mobility,lstm_stoch,PREDICTIVE+CHURN,26505029.156601805,11058222.889692713,6.550610252813097,0.0,42.69277777777777,19.0,1.0444444444444445,94.0,9,-41.91235826067343,0.0
